,Type,Name,pagerank
5,Protein,,1.4394654437496135
7,Protein,,1.068245136415373
14,Protein,,1.008264131125254
11,Protein,,0.7684606336724988
8,Protein,,0.7428778672942695
6,Protein,,0.4753672691211032
9,Protein,,0.4753672691211032
10,Protein,,0.4753672691211032
12,Protein,,0.4753672691211032
13,Protein,,0.4753672691211032
