,Type,Name,pagerank
9,Protein,,1.6969869556835715
6,Protein,,1.0413601045927898
10,Protein,,0.8959028873091333
5,Protein,,0.5578398097195159
14,Protein,,0.5578398097195159
8,Protein,,0.543244258654923
12,Protein,,0.543244258654923
7,Protein,,0.5225771578427177
11,Protein,,0.5225771578427177
13,Protein,,0.5225771578427177
